No,Name,C++,Java,JavaScript,Python,Rust
1,TwoSum,src\1.TwoSum\1.cpp,src\1.TwoSum\1.java,src\1.TwoSum\1.js,src\1.TwoSum\1.py,src\1.TwoSum\1.rs
2,AddTwoNumbers,src\2.AddTwoNumbers\2.cpp,src\2.AddTwoNumbers\2.java,,src\2.AddTwoNumbers\2.py,
3,LongestSubstringWithoutRepeatingCharacters,src\3.LongestSubstringWithoutRepeatingCharacters\3.cpp,,src\3.LongestSubstringWithoutRepeatingCharacters\3.js,src\3.LongestSubstringWithoutRepeatingCharacters\3.py,
4,MedianOfTwoSortedArrays,src\4.MedianOfTwoSortedArrays\4.cpp,,src\4.MedianOfTwoSortedArrays\4.js,src\4.MedianOfTwoSortedArrays\4.py,
5,LongestPalindromicSubstring,src\5.LongestPalindromicSubstring\5.cpp,,,,
6,ZigZagConversion,src\6.ZigZagConversion\6.cpp,,,,
7,ReverseInteger,src\7.ReverseInteger\7.cpp,,,,
15,3Sum,src\15.3Sum\15.cpp,,,,
16,3SumClosest,src\16.3SumClosest\16.cpp,,,,
20,ValidParentheses,src\20.ValidParentheses\20.cpp,,src\20.ValidParentheses\20.js,src\20.ValidParentheses\20.py,
23,MergeKSortedLists,src\23.MergeKSortedLists\23.cpp,,,,
49,GroupAnagrams,src\49.GroupAnagrams\49.cpp,,,,
53,MaximumSubarray,src\53.MaximumSubarray\53.cpp,,,,
91,DecodeWays,src\91.DecodeWays\91.cpp,src\91.DecodeWays\91.java,,,
102,BinaryTreeLevelOrderTraversal,src\102.BinaryTreeLevelOrderTraversal\102.cpp,,,,
104,MaximumDepthofBinaryTree,src\104.MaximumDepthofBinaryTree\104.cpp,,,,
110,BalancedBinaryTree,,,,src\110.BalancedBinaryTree\110.py,
113,PathSumII,,src\113.PathSumII\113.java,,,
114,FlattenBinaryTreetoLinkedList,src\114.FlattenBinaryTreetoLinkedList\114.cpp,,,,
121,BestTimetoBuyandSellStock,src\121.BestTimetoBuyandSellStock\121.cpp,,src\121.BestTimetoBuyandSellStock\121.js,src\121.BestTimetoBuyandSellStock\121.py,src\121.BestTimetoBuyandSellStock\121.rs
127,WordLadder,src\127.WordLadder\127.cpp,,,,
130,SurroundedRegions,,src\130.SurroundedRegions\130.java,,,
139,WordBreak,src\139.WordBreak\139.cpp,src\139.WordBreak\139.java,,,
161,OneEditDistance,src\161.OneEditDistance\161.cpp,src\161.OneEditDistance\161.java,,src\161.OneEditDistance\161.py,
189,RotateArray,,,,src\189.RotateArray\189.py,
198,HouseRobber,,src\198.HouseRobber\198.java,,,
200,NumberofIslands,src\200.NumberofIslands\200.cpp,,src\200.NumberofIslands\200.js,src\200.NumberofIslands\200.py,src\200.NumberofIslands\200.rs
210,CourseScheduleII,,,,src\210.CourseScheduleII\210.py,
211,DesignAddandSearchWordsDataStructure,,,,src\211.DesignAddandSearchWordsDataStructure\211.py,
215,KthLargestElementInAnArray,src\215.KthLargestElementInAnArray\215.cpp,,,,
307,RangeSumQuery-Mutable,,,,src\307.RangeSumQuery-Mutable\307.py,
310,MinimumHeightTrees,src\310.MinimumHeightTrees\310.cpp,,,,
322,CoinChange,,src\322.CoinChange\322.java,,,
332,ReconstructItinerary,,src\332.ReconstructItinerary\332.java,,,
394,DecodeString,src\394.DecodeString\394.cpp,,,src\394.DecodeString\394.py,
415,AddStrings,src\415.AddStrings\415.cpp,,,,
417,PacificAtlanticWaterFlow,src\417.PacificAtlanticWaterFlow\417.cpp,,,,
464,CanIWin,,src\464.CanIWin\464.java,,,
528,RandomPickWithWeight,src\528.RandomPickWithWeight\528.cpp,,,,
539,MinimumTimeDifference,src\539.MinimumTimeDifference\539.cpp,,,src\539.MinimumTimeDifference\539.py,
712,MinimumASCIIDeleteSumforTwoStrings,,src\712.MinimumASCIIDeleteSumforTwoStrings\712.java,,,
773,SlidingPuzzle,,src\773.SlidingPuzzle\773.java,,,
787,CheapestFlightsWithinKStops,src\787.CheapestFlightsWithinKStops\787.cpp,,,,
909,SnakesandLadders,,src\909.SnakesandLadders\909.java,,,
990,SatisfiabilityofEqualityEquations,,,,src\990.SatisfiabilityofEqualityEquations\990.py,
1038,BinarySearchTreetoGreaterSumTree,,,,src\1038.BinarySearchTreetoGreaterSumTree\1038.py,
1042,FlowerPlantingWithNoAdjacent,src\1042.FlowerPlantingWithNoAdjacent\1042.cpp,,,,
1091,ShortestPathinBinaryMatrix,,src\1091.ShortestPathinBinaryMatrix\1091.java,,,
1130,MinimumCostTreeFromLeafValues,,src\1130.MinimumCostTreeFromLeafValues\1130.java,,,
1140,StoneGameII,,src\1140.StoneGameII\1140.java,,,
1288,RemoveCoveredIntervals,,,,src\1288.RemoveCoveredIntervals\1288.py,
1329,SorttheMatrixDiagonally,src\1329.SorttheMatrixDiagonally\1329.cpp,,,,
1339,MaximumProductofSplittedBinaryTree,,src\1339.MaximumProductofSplittedBinaryTree\1339.java,,,
1673,FindtheMostCompetitiveSubsequence,src\1673.FindtheMostCompetitiveSubsequence\1673.cpp,,,,
